{
  "index": "/index.html",
  "assetGroups": [
    {
      "name": "app",
      "installMode": "prefetch",
      "resources": {
        "files": [
          "/favicon.ico",
          "/index.html",
          "/*.css",
          "/*.js",
          "/manifest.json",

          "/assets/data/dashboards.json",
          "/assets/data/forms/en/register-form.json",
          "/assets/data/forms/en/username-password-form.json",
          "/assets/data/tool-palette-items.json",
          "/assets/i18n/en.json",
          "/assets/images/icons/android-chrome-192x192.png",
          "/assets/images/icons/bar-chart.svg",
          "/assets/images/icons/funnel-chart.svg",
          "/assets/images/icons/parliament-chart.svg",
          "/assets/images/icons/pie-chart.svg",
          "/assets/images/icons/timeline.svg"

        ],
        "urls": [
          "https://fonts.gstatic.com/**"
        ]
      }
    }, {
      "name": "assets",
      "installMode": "lazy",
      "updateMode": "prefetch",
      "resources": {
        "files": [
          "/assets/**"
        ]
      }
    }
  ]
}
