[

  {
    "type": "label",
    "id": "fromLabel",
    "label": "From",
    "appearance": "standard",
    "gridItemClass": "grid-column-1 crm-form-field-label"
  },

  {
    "type": "input",
    "id": "from",
    "appearance": "standard",
    "autocomplete": "email",

    "validators": [
      {
        "name": "email",
        "args": null,
        "propertyName": "email",
        "message": "Please enter a valid email address"
      }
    ],

    "gridItemClass": "grid-column-2",
    "required": true
  },

  {
    "type": "label",
    "id": "toLabel",
    "label": "To",
    "appearance": "standard",
    "gridItemClass": "grid-column-1 crm-form-field-label"
  },

  {
    "type": "input",
    "id": "to",
    "appearance": "standard",
    "autocomplete": "email",

    "validators": [
      {
        "name": "email",
        "args": null,
        "propertyName": "email",
        "message": "Please enter a valid email address"
      }
    ],

    "gridItemClass": "grid-column-2",
    "required": true
  }

]
